customer_name,customer_email,subject,body,channel,status,created_at
Twitter Kullanıcısı #416103,416103@twitter.invalid,"@AmazonHelp Doing that as we speak, printing labels and going to drop off at ...","@AmazonHelp Doing that as we speak, printing labels and going to drop off at the local celeritas depot later.",twitter,open,2017-10-26T14:07:03+00:00
Twitter Kullanıcısı #733743,733743@twitter.invalid,@AskPayPal Thank you!,@AskPayPal Thank you!,twitter,open,2017-10-30T19:45:14+00:00
Twitter Kullanıcısı #395709,395709@twitter.invalid,@UPSHelp can you help me check on a package? I think I simply need to update ...,@UPSHelp can you help me check on a package? I think I simply need to update a suite number. Thanks.,twitter,closed,2017-10-24T18:58:57+00:00
Twitter Kullanıcısı #230411,230411@twitter.invalid,"@Ask_Spectrum Also, I don't have an account with your company. I was respondi...","@Ask_Spectrum Also, I don't have an account with your company. I was responding to an advertisement on a music streaming service.",twitter,open,2017-12-01T15:16:47+00:00
Twitter Kullanıcısı #491835,491835@twitter.invalid,@IHGService What is there to talk about? Holiday Inn employed The Night Stalk...,@IHGService What is there to talk about? Holiday Inn employed The Night Stalker &amp; he commited crimes in the hotel while on the job! I wil not feel safe!,twitter,closed,2017-11-05T06:22:07+00:00
Twitter Kullanıcısı #600461,600461@twitter.invalid,@O2 iPhone 6. Network was ridiculously patchy at first then a carrier setting...,@O2 iPhone 6. Network was ridiculously patchy at first then a carrier settings update showed up and now I have absolutely nothing,twitter,closed,2016-11-05T22:00:37+00:00
Twitter Kullanıcısı #524768,524768@twitter.invalid,"@117086, como entramos em contato com vocês por cobrança indevida?","@117086, como entramos em contato com vocês por cobrança indevida?",twitter,closed,2017-10-17T19:41:43+00:00
Twitter Kullanıcısı #462993,462993@twitter.invalid,.@Morrisons these are the exact same nuts in different size bags. But differe...,.@Morrisons these are the exact same nuts in different size bags. But different nutritional values! Which one is correct? #confusing #cockup https://t.co/D1ZhEdpfiJ,twitter,closed,2017-11-02T21:16:37+00:00
Twitter Kullanıcısı #709406,709406@twitter.invalid,"@JetBlue Just did, thanks!","@JetBlue Just did, thanks!",twitter,open,2017-10-29T23:38:01+00:00
Twitter Kullanıcısı #723300,723300@twitter.invalid,"@AppleSupport hi, buying a new MacBook, but want to start as a fresh machine!...","@AppleSupport hi, buying a new MacBook, but want to start as a fresh machine! But want to transfer iTunes and photos from time machine??",twitter,closed,2017-10-30T08:00:08+00:00
Twitter Kullanıcısı #328540,328540@twitter.invalid,"Well, Well! @Delta https://t.co/u2skt1Wl3l","Well, Well! @Delta https://t.co/u2skt1Wl3l",twitter,closed,2017-10-20T20:11:14+00:00
Twitter Kullanıcısı #426923,426923@twitter.invalid,@ArgosHelpers Can I take it back to a store? As id like to take the right siz...,@ArgosHelpers Can I take it back to a store? As id like to take the right size away the same day - if that’s possible?,twitter,closed,2017-10-27T07:06:54+00:00
Twitter Kullanıcısı #271487,271487@twitter.invalid,@VirginTrains ..can you please check the status?,@VirginTrains ..can you please check the status?,twitter,closed,2017-11-22T20:31:52+00:00
Twitter Kullanıcısı #209682,209682@twitter.invalid,@AskPlayStation it tells me the prepaid card could not be redeemed at this ti...,@AskPlayStation it tells me the prepaid card could not be redeemed at this time please try again later....its been 3 days of trying,twitter,closed,2017-10-09T18:14:31+00:00
Twitter Kullanıcısı #760553,760553@twitter.invalid,@azuresupport #azhelp: Is it possible to just add another 2 vCPUs without cha...,"@azuresupport #azhelp: Is it possible to just add another 2 vCPUs without changing the ram? Currently I'm running with 2vCPUs and 8GB of ram, but I really need an extra 2vCPUs. There is nothing in the 150$ price range that i'm working with. Should I just try aws?",twitter,closed,2017-11-19T23:44:10+00:00
Twitter Kullanıcısı #316537,316537@twitter.invalid,"@AmericanAir It’s 9 pm now. No solid updates, apologies, or alternatives prov...","@AmericanAir It’s 9 pm now. No solid updates, apologies, or alternatives provided. What a horrible airline.",twitter,closed,2017-10-13T01:03:15+00:00
Twitter Kullanıcısı #452789,452789@twitter.invalid,@DropboxSupport how can I transfer responsibility for Billing to another team...,@DropboxSupport how can I transfer responsibility for Billing to another team admin?,twitter,closed,2017-10-14T14:59:15+00:00
Twitter Kullanıcısı #401893,401893@twitter.invalid,"Dear @131742, blocking my card without any reason and without any notificatio...","Dear @131742, blocking my card without any reason and without any notification and the issuing a new number is very bad customer service.",twitter,closed,2017-10-18T15:24:03+00:00
Twitter Kullanıcısı #659077,659077@twitter.invalid,@XboxSupport what happening with the Gears Of war 3 servers?,@XboxSupport what happening with the Gears Of war 3 servers?,twitter,closed,2017-11-11T01:12:24+00:00
Twitter Kullanıcısı #567880,567880@twitter.invalid,@AppleSupport !!! That fixed it!!!!! Thanks so much!,@AppleSupport !!! That fixed it!!!!! Thanks so much!,twitter,closed,2017-10-19T01:22:11+00:00
Twitter Kullanıcısı #504191,504191@twitter.invalid,"@azuresupport #azhelp: hi, do you know how to change billing information (i.e...","@azuresupport #azhelp: hi, do you know how to change billing information (i.e. Company/attn etc) in the portal?",twitter,closed,2017-11-06T14:50:57+00:00
Twitter Kullanıcısı #591916,591916@twitter.invalid,Man idk why tf the Apple update trippin but it won’t let me text I️ the shit ...,Man idk why tf the Apple update trippin but it won’t let me text I️ the shit don’t make since (I️) be having to text in 3rd person 😒,twitter,closed,2017-11-03T16:50:55+00:00
Twitter Kullanıcısı #804497,804497@twitter.invalid,@AmazonHelp Aucune solution proposée pour le moment...,@AmazonHelp Aucune solution proposée pour le moment...,twitter,open,2017-11-28T19:36:14+00:00
Twitter Kullanıcısı #492461,492461@twitter.invalid,After 14 years I’ve changed mobile contract from @O2 to @121121. One of O2’s ...,After 14 years I’ve changed mobile contract from @O2 to @121121. One of O2’s most loyal customers? Reason of change £2/2GB/month. Crazy.,twitter,closed,2017-10-17T10:17:33+00:00
Twitter Kullanıcısı #367088,367088@twitter.invalid,@Delta I was just forced to check my appropriately sized carry on because I w...,"@Delta I was just forced to check my appropriately sized carry on because I was told there was no room, I got on the plane &amp; plenty of room.",twitter,closed,2017-10-23T10:05:29+00:00
Twitter Kullanıcısı #115911,115911@twitter.invalid,@254023 50 Gb of high-speed data is quite a lot! 🤔 *TarynS,@254023 50 Gb of high-speed data is quite a lot! 🤔 *TarynS,twitter,closed,2017-12-03T03:24:13+00:00
Twitter Kullanıcısı #678263,678263@twitter.invalid,"@116618 congrats to Jeff for the 100 billion 💰, but your fast forward feature...","@116618 congrats to Jeff for the 100 billion 💰, but your fast forward feature is terrible. Something that @116602 does way better.",twitter,closed,2017-11-26T16:40:48+00:00
Twitter Kullanıcısı #258134,258134@twitter.invalid,NEW! Print your photos. Anytime. Anywhere. Now from the new Printicular iPhon...,NEW! Print your photos. Anytime. Anywhere. Now from the new Printicular iPhone app straight from your phone to one of our shops with 1 hour collection! 😁https://t.co/KYWQhLMvDQ https://t.co/BDoF1NYpyx,twitter,closed,2017-11-21T14:08:29+00:00
Twitter Kullanıcısı #322281,322281@twitter.invalid,@ATVIAssist yes im still seeing this error 103295,@ATVIAssist yes im still seeing this error 103295,twitter,open,2017-11-06T14:56:44+00:00
Twitter Kullanıcısı #555709,555709@twitter.invalid,@Uber_Support Not arguing that at all but when a rider knowingly requests a r...,@Uber_Support Not arguing that at all but when a rider knowingly requests a ride that violates those laws we cancel and someone else does it,twitter,closed,2017-10-19T15:12:35+00:00
Twitter Kullanıcısı #799720,799720@twitter.invalid,Between a grumpy flight attendant while I was sick during my initial flight h...,"Between a grumpy flight attendant while I was sick during my initial flight home &amp; the mechanical errors/lost bag during my flight to Boston, I’m honestly a bit disappointed with this last round of flights w @SouthwestAir, which is a bummer because they’re normally my favorite.",twitter,closed,2017-11-28T09:36:36+00:00
Twitter Kullanıcısı #425460,425460@twitter.invalid,@131610 Are you under new management?,@131610 Are you under new management?,twitter,closed,2017-10-26T03:04:16+00:00
Twitter Kullanıcısı #223266,223266@twitter.invalid,@AmazonHelp Apparently your depot never got any Scorpion edition boxes? #Xbox...,@AmazonHelp Apparently your depot never got any Scorpion edition boxes? #XboxOneXProjectScorpioEdition,twitter,closed,2017-11-10T08:27:25+00:00
Twitter Kullanıcısı #705008,705008@twitter.invalid,@CoxHelp @95840 this is why I got kicked off online :/ no games later tonight :(,@CoxHelp @95840 this is why I got kicked off online :/ no games later tonight :(,twitter,open,2017-11-15T08:55:17+00:00
Twitter Kullanıcısı #788622,788622@twitter.invalid,@AldiUK Made to feel like a criminal. Aldi Mansfield new 'policy' treating al...,"@AldiUK Made to feel like a criminal. Aldi Mansfield new 'policy' treating all customers with suspicion by forced inspection of all customers bags/trolleys at the checkout. Where has your great customer service gone Aldi? Poor, poor, poor.",twitter,closed,2017-11-27T13:02:54+00:00
Twitter Kullanıcısı #217961,217961@twitter.invalid,@AskeBay @115931 @AskPayPal @117473 I got a refund on the 11th but it STILL s...,@AskeBay @115931 @AskPayPal @117473 I got a refund on the 11th but it STILL says pending? Why is that? I’ve since had a different refund and it cleared straight away 🤔,twitter,closed,2017-11-13T00:02:30+00:00
Twitter Kullanıcısı #592428,592428@twitter.invalid,@AskPayPal @485588 PayPal is trash.,@AskPayPal @485588 PayPal is trash.,twitter,open,2017-11-04T05:02:27+00:00
Twitter Kullanıcısı #263309,263309@twitter.invalid,@AppleSupport my friend lost his iPhone today. Any ways to track the location...,@AppleSupport my friend lost his iPhone today. Any ways to track the location?!?! #HelpNeeded @115858 @115858,twitter,closed,2017-12-03T22:11:35+00:00
Twitter Kullanıcısı #182898,182898@twitter.invalid,@802348 @117451 @Ask_Spectrum Neither do the scabs they have working there,@802348 @117451 @Ask_Spectrum Neither do the scabs they have working there,twitter,open,2017-11-28T18:04:40+00:00
Twitter Kullanıcısı #644761,644761@twitter.invalid,"When your @115821 package is listed as ""delivered"" but in fact was never deli...","When your @115821 package is listed as ""delivered"" but in fact was never delivered: https://t.co/qtbHLj7mKq",twitter,closed,2017-11-09T23:42:12+00:00
Twitter Kullanıcısı #385449,385449@twitter.invalid,@AldiUK do you know any stores that have #KevinTheCarrot left? Will you be pu...,@AldiUK do you know any stores that have #KevinTheCarrot left? Will you be putting them online like last year?,twitter,closed,2017-11-25T10:47:23+00:00
Twitter Kullanıcısı #410850,410850@twitter.invalid,@Tesco hello not impressed today when my daughter had a steak slice and pulle...,@Tesco hello not impressed today when my daughter had a steak slice and pulled this out her mouth looks and feels like skin https://t.co/1J6X3vtDb1,twitter,closed,2017-10-15T19:54:35+00:00
Twitter Kullanıcısı #247162,247162@twitter.invalid,@Safaricom_Care @Safaricom_Care kindly waiting for ur call on this no. 074292...,@Safaricom_Care @Safaricom_Care kindly waiting for ur call on this no. 0742928787,twitter,closed,2017-11-21T14:32:53+00:00
Twitter Kullanıcısı #426741,426741@twitter.invalid,@ArgosHelpers i just preordered.. cod ww2 and need for speed payback together...,@ArgosHelpers i just preordered.. cod ww2 and need for speed payback together.. does that mean i wont get cod on the 3rd...,twitter,closed,2017-10-28T13:44:36+00:00
Twitter Kullanıcısı #307393,307393@twitter.invalid,@sainsburys where would I send a Charity request to? Would love to get you on...,@sainsburys where would I send a Charity request to? Would love to get you onboard for our Charity event in aid of @497141. Thanks xx,twitter,closed,2017-11-05T17:01:38+00:00
Twitter Kullanıcısı #314233,314233@twitter.invalid,@115911 @TMobileHelp @115913 you guys are theives! U took my hard earned mone...,@115911 @TMobileHelp @115913 you guys are theives! U took my hard earned money and I made a payment didn’t apply the payment n now can’t get it refund I’m going to go as high as I can cuz u stole from me!,twitter,closed,2017-11-10T13:54:44+00:00
Twitter Kullanıcısı #596856,596856@twitter.invalid,Hi @British_Airways is there an easy way to claim air miles for a past flight...,Hi @British_Airways is there an easy way to claim air miles for a past flight? Thanks,twitter,closed,2017-11-04T16:05:36+00:00
Twitter Kullanıcısı #325453,325453@twitter.invalid,It was so great to land &amp; find my suitcase fabric had been ripped and my ...,It was so great to land &amp; find my suitcase fabric had been ripped and my entire suitcase was soaked. 👌@SouthwestAir,twitter,closed,2017-10-09T18:25:59+00:00
Twitter Kullanıcısı #761831,761831@twitter.invalid,@758506 @115955 I am right there with you! I’m running 1/3 the speed I should...,@758506 @115955 I am right there with you! I’m running 1/3 the speed I should be. @115955 and if we upgrade to the next plan it’ll be a $53 increase a month 😳,twitter,closed,2017-11-20T03:44:15+00:00
Twitter Kullanıcısı #681296,681296@twitter.invalid,@AmazonHelp reply my dms,@AmazonHelp reply my dms,twitter,closed,2017-11-26T19:29:53+00:00
Twitter Kullanıcısı #294843,294843@twitter.invalid,@British_Airways Thanks Amy - but I know different as a multi year gold card ...,@British_Airways Thanks Amy - but I know different as a multi year gold card holder,twitter,closed,2017-10-11T11:26:15+00:00
Twitter Kullanıcısı #525546,525546@twitter.invalid,"@gwrhelp Hi, my prebooked seat y’day was doublebooked. Is this a frequent occ...","@gwrhelp Hi, my prebooked seat y’day was doublebooked. Is this a frequent occurrence? I have a bad back &amp; am scared it might happen again.",twitter,closed,2017-10-19T07:54:33+00:00
Twitter Kullanıcısı #209498,209498@twitter.invalid,@209497 @Delta It's cloudy in NYC. There goes LGA.,@209497 @Delta It's cloudy in NYC. There goes LGA.,twitter,closed,2017-10-09T16:39:29+00:00
Twitter Kullanıcısı #224618,224618@twitter.invalid,When your @115821 stuff doesn’t come when it says it will 😢 #holidayseason,When your @115821 stuff doesn’t come when it says it will 😢 #holidayseason,twitter,closed,2017-12-01T02:00:25+00:00
Twitter Kullanıcısı #688924,688924@twitter.invalid,@115937 how can you do a refund when you have a technical problem on your sit...,@115937 how can you do a refund when you have a technical problem on your site!!!,twitter,closed,2017-11-13T17:41:12+00:00
Twitter Kullanıcısı #647518,647518@twitter.invalid,@Safaricom_Care That's a step in the right direction. The next step is that a...,"@Safaricom_Care That's a step in the right direction. The next step is that as Customer Care, you assure me that you will establish who initiated the call and why. Secondly, that will be proof of the numerous ""we value you"" messages I've been receiving from Safaricom!",twitter,open,2017-11-16T12:19:51+00:00
Twitter Kullanıcısı #493300,493300@twitter.invalid,@ATVIAssist @115766 Well fucking done shafting PC players out of basic featur...,"@ATVIAssist @115766 Well fucking done shafting PC players out of basic features, and the game uses almost 100% of my CPU!! WHERE IS THE EMBLEM MAKER ON PC???",twitter,open,2017-11-05T20:58:49+00:00
Twitter Kullanıcısı #366273,366273@twitter.invalid,@AppleSupport No it doesn't and it's a 5c,@AppleSupport No it doesn't and it's a 5c,twitter,closed,2017-10-28T17:09:12+00:00
Twitter Kullanıcısı #156037,156037@twitter.invalid,@115931 just received an email saying my account is suspended. I have no idea...,@115931 just received an email saying my account is suspended. I have no idea why! How do I find out and what can I do to rectify it. Thanks.,twitter,closed,2017-11-23T17:40:46+00:00
Twitter Kullanıcısı #664061,664061@twitter.invalid,"@NikeSupport Thanks. I guess dim wasn't the right word, I meant shut down the...","@NikeSupport Thanks. I guess dim wasn't the right word, I meant shut down the screen so no video is seen, but audio can still be heard.",twitter,closed,2017-11-13T00:40:09+00:00
Twitter Kullanıcısı #511771,511771@twitter.invalid,@SouthwestAir ❤💚💜💙💛,@SouthwestAir ❤💚💜💙💛,twitter,open,2017-11-06T18:59:24+00:00
Twitter Kullanıcısı #191546,191546@twitter.invalid,"@115931 Luckily I noticed this month, as it means I can reclaim ~£240 in VAT ...","@115931 Luckily I noticed this month, as it means I can reclaim ~£240 in VAT for this invoice, and the last. Kind of gone under the radar...",twitter,closed,2017-10-20T09:40:15+00:00
Twitter Kullanıcısı #608872,608872@twitter.invalid,@Uber_Support hey I have a big problem with my order,@Uber_Support hey I have a big problem with my order,twitter,closed,2017-10-07T02:42:44+00:00
Twitter Kullanıcısı #212217,212217@twitter.invalid,I should buy stocks in @McDonalds for how often I eat there 😂😂😭😭😂,I should buy stocks in @McDonalds for how often I eat there 😂😂😭😭😂,twitter,closed,2017-10-09T17:59:39+00:00
Twitter Kullanıcısı #369177,369177@twitter.invalid,@541793 @115955 Time Warner Inc. (@369177) is not affiliated with Time Warner...,"@541793 @115955 Time Warner Inc. (@369177) is not affiliated with Time Warner Cable (@1203). TWC is a separate company, which is now called @115955.",twitter,closed,2017-10-13T13:52:23+00:00
Twitter Kullanıcısı #385554,385554@twitter.invalid,@O2 I'm so stressed I sent it ur lot in France. Might as well everyone knows ...,@O2 I'm so stressed I sent it ur lot in France. Might as well everyone knows how you treat ur long suffering poor. Customers in the U.K. https://t.co/LuNKVXWVWR,twitter,closed,2017-11-10T16:38:38+00:00
Twitter Kullanıcısı #559013,559013@twitter.invalid,@191650 @115714 @sprintcare any confirmation?,@191650 @115714 @sprintcare any confirmation?,twitter,closed,2017-10-30T00:02:14+00:00
Twitter Kullanıcısı #184871,184871@twitter.invalid,@CoxHelp Question; If there were loose wires and loose bearings in the node i...,@CoxHelp Question; If there were loose wires and loose bearings in the node in my area would that cause noise on the lines?,twitter,closed,2017-12-01T21:35:22+00:00
Twitter Kullanıcısı #334339,334339@twitter.invalid,@AppleSupport Updating to 11.1 now. Hopefully I'm good to go,@AppleSupport Updating to 11.1 now. Hopefully I'm good to go,twitter,open,2017-11-02T14:47:48+00:00
Twitter Kullanıcısı #216369,216369@twitter.invalid,@hulu_support Thanks - the rest of the world series was definitely better - t...,@hulu_support Thanks - the rest of the world series was definitely better - thanks @hulu_support,twitter,closed,2017-11-07T00:40:54+00:00
Twitter Kullanıcısı #149088,149088@twitter.invalid,@AmazonHelp You could try finding a pragmatic solution (closing my USA accoun...,@AmazonHelp You could try finding a pragmatic solution (closing my USA account and crediting a gift card on Italian one so I can re-purchase?). I imagine you don't have many people who change continents and I'm holding back buying a kindle because of that,twitter,closed,2017-11-24T13:57:53+00:00
Twitter Kullanıcısı #634763,634763@twitter.invalid,@178686 @comcastcares I guess swearing at them at least gets you a quicker re...,@178686 @comcastcares I guess swearing at them at least gets you a quicker reply. I've been waiting for SOME KIND of response of ALMOST AN HOUR! I'm blaming all stranger things 2 spoilers on @116136 now.,twitter,open,2017-11-09T07:41:55+00:00
Twitter Kullanıcısı #491454,491454@twitter.invalid,@116331 @idea_cares,@116331 @idea_cares,twitter,closed,2017-11-05T04:27:33+00:00
Twitter Kullanıcısı #266600,266600@twitter.invalid,@266599 @Tesco Hope the guy next to you never got the same!!😎😎😂,@266599 @Tesco Hope the guy next to you never got the same!!😎😎😂,twitter,closed,2017-11-22T13:14:40+00:00
Twitter Kullanıcısı #516016,516016@twitter.invalid,@Delta Can you change the destination to Palm Springs?,@Delta Can you change the destination to Palm Springs?,twitter,closed,2017-10-17T19:18:31+00:00
Twitter Kullanıcısı #648120,648120@twitter.invalid,Riding @SouthwestAir gives you all the feels #SouthWest #welcometonorfolk #Th...,Riding @SouthwestAir gives you all the feels #SouthWest #welcometonorfolk #ThrowbackThursday https://t.co/mDXcOwUZns,twitter,closed,2017-11-10T00:23:37+00:00
Twitter Kullanıcısı #510714,510714@twitter.invalid,@O2 3.11 15:21 256GB space grey,@O2 3.11 15:21 256GB space grey,twitter,closed,2017-11-16T11:38:34+00:00
Twitter Kullanıcısı #706152,706152@twitter.invalid,@115821 you suck for charging my card $190 and refusing to reverse the charge...,@115821 you suck for charging my card $190 and refusing to reverse the charge when no order for anything was placed!!!,twitter,closed,2017-10-29T21:23:01+00:00
Twitter Kullanıcısı #414186,414186@twitter.invalid,"@115830 newbie ish user, excellent customer service from your staff today, th...","@115830 newbie ish user, excellent customer service from your staff today, thank!! @126595 awesome customer service as ever!!",twitter,closed,2017-10-26T05:54:37+00:00
Twitter Kullanıcısı #135393,135393@twitter.invalid,@AirAsiaSupport I requested cancellation of my tickets on Booking# WLBSFM 2 d...,"@AirAsiaSupport I requested cancellation of my tickets on Booking# WLBSFM 2 days back, due to Volcano in Bali. Do you intend to refund me or not ? Ur support chat &amp; call wait time is horrible!",twitter,closed,2017-11-30T14:40:39+00:00
Twitter Kullanıcısı #496663,496663@twitter.invalid,"@AppleSupport Tried that, it didn’t work","@AppleSupport Tried that, it didn’t work",twitter,open,2017-11-05T16:41:28+00:00
Twitter Kullanıcısı #514635,514635@twitter.invalid,"Return of the ""guac star"" Thanks @ChipotleTweets for not judging me and my gu...","Return of the ""guac star"" Thanks @ChipotleTweets for not judging me and my guac addiction ✌✌✌ https://t.co/C4nQpw1ov9",twitter,closed,2017-11-08T20:21:28+00:00
Twitter Kullanıcısı #496000,496000@twitter.invalid,"@British_Airways I Called paypal, they said BA has not been accepted the paym...","@British_Airways I Called paypal, they said BA has not been accepted the payment yet. The payment is already sent to you and you need to accept it",twitter,closed,2017-11-05T14:29:51+00:00
Twitter Kullanıcısı #237053,237053@twitter.invalid,"If you're an @115858 User, there's a new scam out there. Please be careful an...","If you're an @115858 User, there's a new scam out there. Please be careful and tell your family and friends @AppleSupport https://t.co/pUnTM0ugrp",twitter,closed,2017-11-30T20:32:03+00:00
Twitter Kullanıcısı #544975,544975@twitter.invalid,Have Spectrum TV? Want to see the new season of YOUNGER? CALL 888-250-5557 to...,Have Spectrum TV? Want to see the new season of YOUNGER? CALL 888-250-5557 to stop them from dropping TV Land &amp; 22 other nets! #KeepViacom,twitter,closed,2017-10-14T22:22:52+00:00
Twitter Kullanıcısı #265552,265552@twitter.invalid,@ArgosHelpers Purley Way croydon,@ArgosHelpers Purley Way croydon,twitter,closed,2017-11-22T14:37:25+00:00
Twitter Kullanıcısı #314282,314282@twitter.invalid,I just want some McDonald’s rightnow😩😭,I just want some McDonald’s rightnow😩😭,twitter,closed,2017-10-12T20:03:05+00:00
Twitter Kullanıcısı #807966,807966@twitter.invalid,@116072 promised my bill wouldn't increase. It has steadily every month and n...,@116072 promised my bill wouldn't increase. It has steadily every month and now double what it was before. No explanation. Shady practices and a rip off.,twitter,closed,2017-11-29T00:41:35+00:00
Twitter Kullanıcısı #279772,279772@twitter.invalid,"Not traveling @AmericanAir anymore. @delta service is much better, I just hav...","Not traveling @AmericanAir anymore. @delta service is much better, I just have to accumulate miles again to became important",twitter,closed,2017-11-23T05:06:15+00:00
Twitter Kullanıcısı #489844,489844@twitter.invalid,@AppleSupport phone is so slow and won’t load after update!!!!,@AppleSupport phone is so slow and won’t load after update!!!!,twitter,closed,2017-11-04T21:56:28+00:00
Twitter Kullanıcısı #365135,365135@twitter.invalid,@HPSupport I have an Officejet 6700 Premium inkjet printer which we just got ...,"@HPSupport I have an Officejet 6700 Premium inkjet printer which we just got new cartridges for but it won't print, help? #hpcswus #hpprnt",twitter,closed,2017-10-12T03:22:59+00:00
Twitter Kullanıcısı #465479,465479@twitter.invalid,@British_Airways Your online check in form is not functioning. I have correct...,"@British_Airways Your online check in form is not functioning. I have correctly entered my Passport, Nationality, etc and it tells me I need to enter Green Card number, which is not applicable to me nor is there a place to say that.",twitter,closed,2017-11-03T04:43:44+00:00
Twitter Kullanıcısı #197631,197631@twitter.invalid,@AmericanAir I’m sure your intent is good...the execution is really flawed,@AmericanAir I’m sure your intent is good...the execution is really flawed,twitter,closed,2017-10-08T17:54:28+00:00
Twitter Kullanıcısı #750823,750823@twitter.invalid,@AldiUK who knew Kylo Ren shopped at Aldi https://t.co/K8Z4PELLMD,@AldiUK who knew Kylo Ren shopped at Aldi https://t.co/K8Z4PELLMD,twitter,closed,2017-10-31T08:32:09+00:00
Twitter Kullanıcısı #401960,401960@twitter.invalid,I don't think I hate anything more than my @115821 kindle. It's a piece of ju...,I don't think I hate anything more than my @115821 kindle. It's a piece of junk. That is all.,twitter,closed,2017-10-25T04:52:19+00:00
Twitter Kullanıcısı #122137,122137@twitter.invalid,@British_Airways Thanks so much! On board now!,@British_Airways Thanks so much! On board now!,twitter,open,2017-11-01T10:35:57+00:00
Twitter Kullanıcısı #582482,582482@twitter.invalid,"@582483 @SpotifyCares Thanks Magnus, but I cannot find this setting. Where is...","@582483 @SpotifyCares Thanks Magnus, but I cannot find this setting. Where is it?",twitter,closed,2017-10-31T18:21:26+00:00
Twitter Kullanıcısı #590104,590104@twitter.invalid,@GWRHelp Just thought I'd help you with customer service as you get hammered ...,@GWRHelp Just thought I'd help you with customer service as you get hammered a lot for poor service and an easy win for you.,twitter,open,2017-11-03T14:35:48+00:00
Twitter Kullanıcısı #667796,667796@twitter.invalid,"@AppleSupport I figured it out, thanks!","@AppleSupport I figured it out, thanks!",twitter,closed,2017-11-12T17:22:54+00:00
Twitter Kullanıcısı #352186,352186@twitter.invalid,@Safaricom_Care @119433 Opp deep sea slums,@Safaricom_Care @119433 Opp deep sea slums,twitter,open,2017-11-23T17:00:42+00:00
Twitter Kullanıcısı #141646,141646@twitter.invalid,@Delta here we are again. Just another day with a delay and mechanical issues...,@Delta here we are again. Just another day with a delay and mechanical issues. Is this beer on you? Happy Thanksgiving! https://t.co/jLYX3N5qfj,twitter,closed,2017-11-23T21:31:18+00:00
Twitter Kullanıcısı #294644,294644@twitter.invalid,Hi @115817 @UPSHelp. I've been trying to get hold of your Korean customer ser...,Hi @115817 @UPSHelp. I've been trying to get hold of your Korean customer services for an hour but no answer. My package apparently left-,twitter,closed,2017-10-11T08:24:57+00:00
Twitter Kullanıcısı #141794,141794@twitter.invalid,@AmazonHelp Obrigado ícones. Pode ter certeza que vou amar 💕 https://t.co/kPl...,@AmazonHelp Obrigado ícones. Pode ter certeza que vou amar 💕 https://t.co/kPltQl0Hoz,twitter,closed,2017-11-23T21:58:29+00:00
Twitter Kullanıcısı #753612,753612@twitter.invalid,Did @115858 design this new IOS to make us upgrade older phones? If so well d...,Did @115858 design this new IOS to make us upgrade older phones? If so well done cause my iPhone 6 is almost unusable. Please help!,twitter,closed,2017-10-31T14:23:29+00:00
Twitter Kullanıcısı #312278,312278@twitter.invalid,@116016 is it possible for me to have my main address on my account as my wor...,@116016 is it possible for me to have my main address on my account as my work address since I spend most of my life here?,twitter,closed,2017-10-12T14:04:23+00:00
Twitter Kullanıcısı #303041,303041@twitter.invalid,@115714 I have 6 bills with Los Angeles address and both CA and IL taxes bein...,@115714 I have 6 bills with Los Angeles address and both CA and IL taxes being taken out...sounds like theft,twitter,closed,2017-10-11T22:03:05+00:00
Twitter Kullanıcısı #755911,755911@twitter.invalid,@sainsburys do you list your vegan sandwiches anywhere?,@sainsburys do you list your vegan sandwiches anywhere?,twitter,closed,2017-11-20T20:53:58+00:00
Twitter Kullanıcısı #438519,438519@twitter.invalid,@AppleSupport y’all got my phone tweeking.,@AppleSupport y’all got my phone tweeking.,twitter,closed,2017-10-27T21:17:55+00:00
Twitter Kullanıcısı #238519,238519@twitter.invalid,"@AmazonHelp But it hasn’t been delivered, yet we have an email saying it was ...","@AmazonHelp But it hasn’t been delivered, yet we have an email saying it was handed to customer. Seeing as it’s a pocket knife and wasn’t delivered due to no adult being home I’m guessing your driver has kept it?",twitter,closed,2017-12-02T10:20:04+00:00
Twitter Kullanıcısı #315819,315819@twitter.invalid,@dellcares @9564 why is it so hard to buy anything from you? Get this suspici...,@dellcares @9564 why is it so hard to buy anything from you? Get this suspicious email today (doesn't use my name! Phishing?) https://t.co/qkUi891w4p,twitter,closed,2017-10-16T11:58:13+00:00
Twitter Kullanıcısı #756250,756250@twitter.invalid,@116136 @115900 your service has been horrible for the amount you charge!,@116136 @115900 your service has been horrible for the amount you charge!,twitter,closed,2017-11-19T06:48:27+00:00
Twitter Kullanıcısı #158665,158665@twitter.invalid,@Uber_Support Okay the driver took my money $46.32 for a 1 trip start to Mcdo...,@Uber_Support Okay the driver took my money $46.32 for a 1 trip start to Mcdonalds which is only 1 mole from my house I want my money and tip back https://t.co/GDBWHkklUS,twitter,closed,2017-10-18T15:39:38+00:00
Twitter Kullanıcısı #162562,162562@twitter.invalid,@117086 Carlos Drummond de Andrade,@117086 Carlos Drummond de Andrade,twitter,closed,2017-10-04T22:52:10+00:00
Twitter Kullanıcısı #812714,812714@twitter.invalid,@GWRHelp https://t.co/ibfmI5HxAS,@GWRHelp https://t.co/ibfmI5HxAS,twitter,closed,2017-11-29T13:27:53+00:00
Twitter Kullanıcısı #469105,469105@twitter.invalid,@115955 is SUCH A RIP OFF !!! I hate this company !!,@115955 is SUCH A RIP OFF !!! I hate this company !!,twitter,closed,2017-11-26T02:03:05+00:00
Twitter Kullanıcısı #358697,358697@twitter.invalid,"In fact I have rich history of “Is there a doctor on board..” calls, inc the ...","In fact I have rich history of “Is there a doctor on board..” calls, inc the day @VirginTrains asked for “a doctor, nurse,,,or optician.”",twitter,closed,2017-10-22T20:27:59+00:00
Twitter Kullanıcısı #374320,374320@twitter.invalid,@LondonMidland 17.08 from five ways to four oaks is so crammed its illegal 1....,@LondonMidland 17.08 from five ways to four oaks is so crammed its illegal 1. Delayed again no explanation 2. Sardine life yet again,twitter,closed,2017-10-23T16:26:34+00:00
Twitter Kullanıcısı #668629,668629@twitter.invalid,"@AmazonHelp Yes, they give no information at all and any complaints about fai...","@AmazonHelp Yes, they give no information at all and any complaints about failed deliveries are directed at Amazon by Hermes.",twitter,open,2017-11-12T20:26:35+00:00
Twitter Kullanıcısı #719627,719627@twitter.invalid,"@116230 No. I tried everything, and nothing is making the networks show up. I...","@116230 No. I tried everything, and nothing is making the networks show up. I’ve read this is a serious and frequent problem for Windows 10 users. It’s a real shame.",twitter,closed,2017-11-16T01:50:16+00:00
Twitter Kullanıcısı #542636,542636@twitter.invalid,@4735 hey guys I need help ASAP,@4735 hey guys I need help ASAP,twitter,closed,2017-10-14T05:41:46+00:00
Twitter Kullanıcısı #670496,670496@twitter.invalid,@AmazonHelp American Horror Story - Stagione 5 (4 DVD) https://t.co/HHRbQH14jt,@AmazonHelp American Horror Story - Stagione 5 (4 DVD) https://t.co/HHRbQH14jt,twitter,closed,2017-11-12T22:02:32+00:00
Twitter Kullanıcısı #816345,816345@twitter.invalid,@AzureSupport I've opened a question: https://t.co/SJUanM9uTj,@AzureSupport I've opened a question: https://t.co/SJUanM9uTj,twitter,closed,2017-11-29T20:56:17+00:00
Twitter Kullanıcısı #315573,315573@twitter.invalid,@Morrisons Hi thought I tried a chicken makhani last night and it was really ...,@Morrisons Hi thought I tried a chicken makhani last night and it was really good I had it with tri colour rice definitely buying again :),twitter,closed,2017-10-14T14:40:38+00:00
Twitter Kullanıcısı #494127,494127@twitter.invalid,@nationalrailenq why are all Virgin trains from KGX to LCN now over 3.5 hours...,@nationalrailenq why are all Virgin trains from KGX to LCN now over 3.5 hours? Usually they’re 2 hours.,twitter,closed,2017-11-05T09:59:42+00:00
Twitter Kullanıcısı #386865,386865@twitter.invalid,"@GWRHelp Yep, was told it's be back at the end of the day when the machines r...","@GWRHelp Yep, was told it's be back at the end of the day when the machines reset. Would have been helpful to know this as, as did yesterday, 1/2",twitter,open,2017-10-25T11:53:57+00:00
Twitter Kullanıcısı #425074,425074@twitter.invalid,"@JetBlue Just make sure I get on flight 1626, because if I don't I'm missing ...","@JetBlue Just make sure I get on flight 1626, because if I don't I'm missing my connecting flight.",twitter,open,2017-11-12T15:16:15+00:00
Twitter Kullanıcısı #148298,148298@twitter.invalid,"@Tesco It’s early days, yet, but probably plan for 3 or 4 rapid chargers near...","@Tesco It’s early days, yet, but probably plan for 3 or 4 rapid chargers near the petrol station &amp; 20+ 7 kW chargers in the main car park, over next couple of years. Many people will do what I did, rapid charge &amp; finish charging on the slow chargers while we shop. Great facility, thanks https://t.co/GywjB8Prum",twitter,closed,2017-11-24T13:14:13+00:00
Twitter Kullanıcısı #677649,677649@twitter.invalid,.@Delta Please stop with the “mandatory” interviews for international flights...,.@Delta Please stop with the “mandatory” interviews for international flights. That’s what immigration is for.,twitter,closed,2017-10-20T05:29:02+00:00
Twitter Kullanıcısı #467295,467295@twitter.invalid,@AmericanAir But I'm in the UK. What good is that?? It was sent to the UK as ...,@AmericanAir But I'm in the UK. What good is that?? It was sent to the UK as this is where I live. Looks like it's an empty gesture,twitter,closed,2017-11-03T12:19:35+00:00
Twitter Kullanıcısı #176484,176484@twitter.invalid,@131983 @AzureSupport link sent as a dm,@131983 @AzureSupport link sent as a dm,twitter,open,2017-10-05T20:56:12+00:00
Twitter Kullanıcısı #177529,177529@twitter.invalid,"@AmazonHelp With this photo, you now know as much as I do as to why my packag...","@AmazonHelp With this photo, you now know as much as I do as to why my package is not being delivered on time, congratulations! Your company has managed to make me feel like a worthless customer you can take advantage of and have utterly ruined my week. https://t.co/Iywvpxw7LD",twitter,closed,2017-11-16T14:46:49+00:00
Twitter Kullanıcısı #474521,474521@twitter.invalid,@XboxSupport i spent $100 on CoD: WWII and the game doesnt start i re-install...,@XboxSupport i spent $100 on CoD: WWII and the game doesnt start i re-installed two times,twitter,closed,2017-11-03T16:18:21+00:00
Twitter Kullanıcısı #796625,796625@twitter.invalid,"@AppleSupport new IPAD in 2017, 11.1.2, WI-FI fades in &amp; out - a problem ...","@AppleSupport new IPAD in 2017, 11.1.2, WI-FI fades in &amp; out - a problem not encountered with previous IPAD &amp; previous IOS —— ideas?",twitter,closed,2017-11-28T01:05:39+00:00
Twitter Kullanıcısı #481417,481417@twitter.invalid,Hey @AmazonHelp why can’t we buy Kindle versions of books in the app or the A...,Hey @AmazonHelp why can’t we buy Kindle versions of books in the app or the Amazon app? This seems silly. Take my money and let me read!,twitter,closed,2017-10-17T03:44:11+00:00
Twitter Kullanıcısı #345221,345221@twitter.invalid,@AmazonHelp When we filled out the form on Amazon yesterday it said we would ...,@AmazonHelp When we filled out the form on Amazon yesterday it said we would get a call back within 12 hours and we never did.,twitter,open,2017-10-26T14:37:54+00:00
Twitter Kullanıcısı #212903,212903@twitter.invalid,@CoxHelp Taking off multiple days of work for a technician to come out and ea...,@CoxHelp Taking off multiple days of work for a technician to come out and each time them telling us nothing is wrong!!,twitter,open,2017-10-10T00:46:38+00:00
Twitter Kullanıcısı #159562,159562@twitter.invalid,@BofA_Help I forward to mail that ı confuse about,@BofA_Help I forward to mail that ı confuse about,twitter,open,2017-10-17T16:59:28+00:00
Twitter Kullanıcısı #568862,568862@twitter.invalid,@IHGService That's Holiday Inn Luton South.,@IHGService That's Holiday Inn Luton South.,twitter,closed,2017-10-24T19:48:55+00:00
Twitter Kullanıcısı #792972,792972@twitter.invalid,@TMobileHelp @792973 @792971 Back in the early electronic payment days... Ah,@TMobileHelp @792973 @792971 Back in the early electronic payment days... Ah,twitter,open,2017-11-27T19:35:14+00:00
Twitter Kullanıcısı #185040,185040@twitter.invalid,@115888 @SpotifyCares why can't all playlists be full screen like the Time Ca...,@115888 @SpotifyCares why can't all playlists be full screen like the Time Capsule one?! It looks so much cooler!,twitter,closed,2017-11-03T16:24:15+00:00
Twitter Kullanıcısı #798677,798677@twitter.invalid,"@AskPayPal Yes, want to file a formal complaint against a PayPal employee. Ca...","@AskPayPal Yes, want to file a formal complaint against a PayPal employee. Called tonight and I was left on hold for 1.5 hours - no one ever came to the phone. Why would you do that?",twitter,open,2017-11-28T06:57:16+00:00
Twitter Kullanıcısı #226669,226669@twitter.invalid,"@SpotifyCares My account suddenly logged me out on all devices, won't let me ...","@SpotifyCares My account suddenly logged me out on all devices, won't let me reset my password and says account no longer exists... Any ideas on why this is?",twitter,closed,2017-12-01T05:49:13+00:00
Twitter Kullanıcısı #604629,604629@twitter.invalid,Dear @115900 please carry @12183 on cable like @247 does and give people more...,"Dear @115900 please carry @12183 on cable like @247 does and give people more tv options, or even @12184 @506008 or @516761 do it!",twitter,closed,2017-10-04T13:54:15+00:00
Twitter Kullanıcısı #274983,274983@twitter.invalid,HAD TO BLOCK MY OLD SPOTIFY KAY APPARENTLY SOMEONE ELSE CHANGED MY SPOTIFY EM...,HAD TO BLOCK MY OLD SPOTIFY KAY APPARENTLY SOMEONE ELSE CHANGED MY SPOTIFY EMAIL?? AND I CANT LOGIN!!! (FVCK U),twitter,closed,2017-10-05T08:13:15+00:00
Twitter Kullanıcısı #155304,155304@twitter.invalid,@155305 in Durban? Maybe rain delayed? But they could have called! Poor show ...,@155305 in Durban? Maybe rain delayed? But they could have called! Poor show @115877,twitter,closed,2017-11-24T21:07:17+00:00
Twitter Kullanıcısı #376707,376707@twitter.invalid,@Safaricom_Care I did a transaction and it went through but I got a failed te...,@Safaricom_Care I did a transaction and it went through but I got a failed text from equity yet my money was deducted. I want my refund https://t.co/lRIMNKWCnL,twitter,closed,2017-10-23T18:05:59+00:00
Twitter Kullanıcısı #252446,252446@twitter.invalid,@AskPayPal tengo una duda con un caso no entiendo bien haber si me pueden acl...,@AskPayPal tengo una duda con un caso no entiendo bien haber si me pueden aclarar que es lo que paso,twitter,closed,2017-12-03T00:02:31+00:00
Twitter Kullanıcısı #235159,235159@twitter.invalid,@comcastcares assortment of rubbish imaginable mangled up in tangled up knots!,@comcastcares assortment of rubbish imaginable mangled up in tangled up knots!,twitter,closed,2017-12-01T21:19:27+00:00
Twitter Kullanıcısı #488824,488824@twitter.invalid,"@115873 My account has been disabled, I can't log in and I can't get help onl...","@115873 My account has been disabled, I can't log in and I can't get help online because you have to be logged in! Please help.",twitter,closed,2017-10-17T08:17:03+00:00
Twitter Kullanıcısı #810898,810898@twitter.invalid,"@ArgosHelpers bought a washing machine using my Argos card on 27 October, got...","@ArgosHelpers bought a washing machine using my Argos card on 27 October, got a confirmation email saying I'd be contacted within 2 days.",twitter,closed,2017-10-31T19:25:31+00:00
Twitter Kullanıcısı #554620,554620@twitter.invalid,@SpotifyCares iOS iPhone 7+ version (8.4.22.515),@SpotifyCares iOS iPhone 7+ version (8.4.22.515),twitter,closed,2017-10-19T04:05:17+00:00
Twitter Kullanıcısı #749920,749920@twitter.invalid,@AskPapaJohns I didn't get my coupon code for my birthday this month. Can you...,@AskPapaJohns I didn't get my coupon code for my birthday this month. Can you please assist?,twitter,closed,2017-11-19T00:33:38+00:00
Twitter Kullanıcısı #812134,812134@twitter.invalid,One day I’ll buy food from @GreggsOfficial and it’ll be above freezing temper...,One day I’ll buy food from @GreggsOfficial and it’ll be above freezing temperature,twitter,closed,2017-11-29T12:23:01+00:00
Twitter Kullanıcısı #490844,490844@twitter.invalid,@AskPlayStation I have a big problem on my PS4 regarding re-installation og t...,@AskPlayStation I have a big problem on my PS4 regarding re-installation og the database,twitter,closed,2017-11-04T22:46:31+00:00
Twitter Kullanıcısı #269761,269761@twitter.invalid,@Uber_Support why was I charged for cancelling a ride when the driver was goi...,@Uber_Support why was I charged for cancelling a ride when the driver was going in the opposite direction of the pickup location for 7 min? There was no mention of them finishing another ride first.,twitter,closed,2017-11-22T16:26:02+00:00
Twitter Kullanıcısı #589302,589302@twitter.invalid,@AmericanAir I habe done that and even restarted but still same. On with your...,@AmericanAir I habe done that and even restarted but still same. On with your web support now but seems now the flights are gone 😡,twitter,closed,2017-10-31T19:21:48+00:00
Twitter Kullanıcısı #119505,119505@twitter.invalid,@426910 @115714 @sprintcare Exactly they messed up badly,@426910 @115714 @sprintcare Exactly they messed up badly,twitter,closed,2017-10-27T07:14:04+00:00
Twitter Kullanıcısı #515150,515150@twitter.invalid,yo @AppleSupport how do I️ get my phone to stop making ‘?’ for my letter ‘I’ ...,yo @AppleSupport how do I️ get my phone to stop making ‘?’ for my letter ‘I’ thanks :),twitter,closed,2017-11-06T22:54:01+00:00
Twitter Kullanıcısı #818699,818699@twitter.invalid,@123644 @115821 I had this kindle fire for about 5 months and it won’t turn o...,@123644 @115821 I had this kindle fire for about 5 months and it won’t turn on randomnly I call customer service and basically I get a too bad ..... 👎 sh,twitter,closed,2017-11-29T23:01:35+00:00
Twitter Kullanıcısı #307863,307863@twitter.invalid,"@AmazonHelp Ironically the package didn’t get robbed, the burglars let it on ...","@AmazonHelp Ironically the package didn’t get robbed, the burglars let it on my doorstep to hide the hole they made in the door…",twitter,open,2017-10-12T10:30:47+00:00
Twitter Kullanıcısı #168874,168874@twitter.invalid,"@AskeBay @115937 While doing nothing, as evidenced by our last discussions. #...","@AskeBay @115937 While doing nothing, as evidenced by our last discussions. #ebaysupportsracism",twitter,closed,2017-10-04T13:22:27+00:00
Twitter Kullanıcısı #514580,514580@twitter.invalid,@SW_Help Thanks. How do I claim a refund for a journey that was delayed in Se...,@SW_Help Thanks. How do I claim a refund for a journey that was delayed in September (when I wasn't aware that you had ceased automatic refunds)?,twitter,closed,2017-11-20T22:14:08+00:00
Twitter Kullanıcısı #126649,126649@twitter.invalid,@SCsupport hopefully that helps,@SCsupport hopefully that helps,twitter,open,2017-11-01T16:53:14+00:00
Twitter Kullanıcısı #132443,132443@twitter.invalid,@AmazonHelp More than happy to keep an eye out. Just hope that it is not an a...,@AmazonHelp More than happy to keep an eye out. Just hope that it is not an automated generic message asking me to wait longer like the ones u have mailed me earlier.,twitter,closed,2017-12-02T09:25:09+00:00
Twitter Kullanıcısı #236388,236388@twitter.invalid,"@GloCare I don't like the fact that when I get to recharge, my credit keeps g...","@GloCare I don't like the fact that when I get to recharge, my credit keeps getting deducted. It's so annoying.",twitter,closed,2017-12-01T18:50:17+00:00
Twitter Kullanıcısı #283673,283673@twitter.invalid,@AmazonHelp How can I login ? My mobile number and email are blocked by u.,@AmazonHelp How can I login ? My mobile number and email are blocked by u.,twitter,open,2017-11-12T17:20:13+00:00
Twitter Kullanıcısı #160271,160271@twitter.invalid,@AppleSupport DM sent!,@AppleSupport DM sent!,twitter,open,2017-10-04T22:11:44+00:00
Twitter Kullanıcısı #766113,766113@twitter.invalid,My lyft driver is straight whippin this suburban. Throwing me all over the ba...,My lyft driver is straight whippin this suburban. Throwing me all over the back seat and shit,twitter,closed,2017-11-20T16:14:49+00:00
Twitter Kullanıcısı #449835,449835@twitter.invalid,"You people are mad tbh @GloCare. All of you. A full day, zero network. Not a ...","You people are mad tbh @GloCare. All of you. A full day, zero network. Not a single bar. You all are mad.",twitter,closed,2017-11-30T20:21:43+00:00
Twitter Kullanıcısı #244507,244507@twitter.invalid,@SW_Help I am aware Portsmouth services call at Woking - you said Guildford s...,@SW_Help I am aware Portsmouth services call at Woking - you said Guildford services call at ash vale. The fast ones don't. Also why is your guard citing poor rail conditions when your blaming a fallen tree? Can you find out what is actually going on please,twitter,closed,2017-11-23T08:00:34+00:00
Twitter Kullanıcısı #326035,326035@twitter.invalid,"@AmericanAir if EP status gets complimentary upgrade requests, how does this ...","@AmericanAir if EP status gets complimentary upgrade requests, how does this happen? https://t.co/Z89lf3iFy5",twitter,closed,2017-10-20T18:06:10+00:00
Twitter Kullanıcısı #124125,124125@twitter.invalid,@sainsburys Aha! So the other coupon we got is the number of points? Thanks f...,@sainsburys Aha! So the other coupon we got is the number of points? Thanks for explaining!,twitter,closed,2017-10-27T21:19:26+00:00
Twitter Kullanıcısı #162796,162796@twitter.invalid,@38956 Order delivered is missing items and the item I did get is wrong. The ...,@38956 Order delivered is missing items and the item I did get is wrong. The online chat customer service shuts at 8:30 (!!!) and I've officially been on hold for 20 minutes and only gone down 7 people in the queue. Looks like I'm sticking with @115877 in the future,twitter,closed,2017-11-28T02:18:24+00:00
Twitter Kullanıcısı #289523,289523@twitter.invalid,Wheres my damn package @115821,Wheres my damn package @115821,twitter,closed,2017-10-10T20:30:07+00:00
Twitter Kullanıcısı #415017,415017@twitter.invalid,@223394 @GWRHelp Thank you!,@223394 @GWRHelp Thank you!,twitter,closed,2017-10-26T09:34:08+00:00
Twitter Kullanıcısı #452325,452325@twitter.invalid,"@452324 @Tesco To be fair, I've stared at it for five minutes and not seen an...","@452324 @Tesco To be fair, I've stared at it for five minutes and not seen any movement.",twitter,closed,2017-11-01T16:18:58+00:00
Twitter Kullanıcısı #476024,476024@twitter.invalid,@476025 @AppleSupport @117735 Its not ATT. Already been in store. Its all Apple.,@476025 @AppleSupport @117735 Its not ATT. Already been in store. Its all Apple.,twitter,closed,2017-11-03T20:02:22+00:00
Twitter Kullanıcısı #447573,447573@twitter.invalid,@AskPapaJohns I called the store in Fayetteville AR.....apparently they aren’...,@AskPapaJohns I called the store in Fayetteville AR.....apparently they aren’t even taking orders over the phone. Complete fail,twitter,closed,2017-10-28T18:32:44+00:00
Twitter Kullanıcısı #763394,763394@twitter.invalid,@115873 please we don't want more than 7 minutes request. We should get paid ...,@115873 please we don't want more than 7 minutes request. We should get paid for long trip requests.,twitter,closed,2017-11-20T09:32:06+00:00
Twitter Kullanıcısı #139215,139215@twitter.invalid,@AmazonHelp Try turning your brain in and off and see if this helps ffs.,@AmazonHelp Try turning your brain in and off and see if this helps ffs.,twitter,open,2017-11-30T19:37:08+00:00
Twitter Kullanıcısı #584467,584467@twitter.invalid,@AmericanAir charging for extra bags while upper bins are empty. Total scam #...,@AmericanAir charging for extra bags while upper bins are empty. Total scam #neveragain #ScamAlert #scam,twitter,closed,2017-11-01T12:40:15+00:00
Twitter Kullanıcısı #312296,312296@twitter.invalid,@SW_Help I am a season ticket holder. I should not have to fill in a form it ...,@SW_Help I am a season ticket holder. I should not have to fill in a form it should be automatic as you know when the trains are delayed.,twitter,closed,2017-10-12T17:50:06+00:00
Twitter Kullanıcısı #358139,358139@twitter.invalid,@AskCiti You are requested to reply for my @117176 credit card application. h...,@AskCiti You are requested to reply for my @117176 credit card application. https://t.co/72uia1oV8H,twitter,closed,2017-10-14T08:51:18+00:00
Twitter Kullanıcısı #224961,224961@twitter.invalid,@SpotifyCares I can't find the address that my account is linked to - please ...,@SpotifyCares I can't find the address that my account is linked to - please help,twitter,closed,2017-12-01T01:28:46+00:00
Twitter Kullanıcısı #713903,713903@twitter.invalid,@BofA_Help Suck my dick from the back,@BofA_Help Suck my dick from the back,twitter,open,2017-11-15T20:26:58+00:00
Twitter Kullanıcısı #340278,340278@twitter.invalid,"@AmazonHelp No, estimate delivery date is 23rd. But order was placed on 14th....","@AmazonHelp No, estimate delivery date is 23rd. But order was placed on 14th. It's okay for me but I was wondering, isn't it a long duration?",twitter,closed,2017-10-21T15:08:20+00:00
Twitter Kullanıcısı #175627,175627@twitter.invalid,@British_Airways What is the minimum connection time applied?,@British_Airways What is the minimum connection time applied?,twitter,closed,2017-10-07T16:46:38+00:00
Twitter Kullanıcısı #582123,582123@twitter.invalid,"@Ask_Spectrum Do you have any idea of the internet is out in Sparks, NV? I ha...","@Ask_Spectrum Do you have any idea of the internet is out in Sparks, NV? I haven't been able to connect all afternoon.",twitter,closed,2017-10-31T01:34:15+00:00
Twitter Kullanıcısı #285789,285789@twitter.invalid,@115830 I’m waiting for an “account specialist” to call me back since 8am and...,"@115830 I’m waiting for an “account specialist” to call me back since 8am and nobody is helping me so far I have spoken to people in South Africa, philipines, Jamaica and nobody actually resolves my problem",twitter,closed,2017-11-23T15:35:48+00:00
Twitter Kullanıcısı #291469,291469@twitter.invalid,@AskAmex I am being reminded of a transaction from 6/12/2017 on 10/09/2017. D...,@AskAmex I am being reminded of a transaction from 6/12/2017 on 10/09/2017. Don't Process This Charge. How will you understand that?,twitter,closed,2017-10-11T00:05:04+00:00
Twitter Kullanıcısı #539084,539084@twitter.invalid,@115911 is a complete joke! They have the absolute WORST Customer Care I've e...,@115911 is a complete joke! They have the absolute WORST Customer Care I've experienced. 7 days to get it right.. But they can't,twitter,closed,2017-10-12T17:27:32+00:00
Twitter Kullanıcısı #191339,191339@twitter.invalid,@191338 @AmericanAir Never use American again. Lesson learned....,@191338 @AmericanAir Never use American again. Lesson learned....,twitter,open,2017-10-07T08:28:44+00:00
Twitter Kullanıcısı #599507,599507@twitter.invalid,@TMobileHelp @115913 Thanks @TMobileHelp,@TMobileHelp @115913 Thanks @TMobileHelp,twitter,open,2017-11-06T21:08:21+00:00
Twitter Kullanıcısı #356425,356425@twitter.invalid,@Delta ... on the last seat on the back of the plane. She’s traveling for a w...,@Delta ... on the last seat on the back of the plane. She’s traveling for a work event. As a #goldmedallion ...,twitter,closed,2017-10-17T14:46:56+00:00
Twitter Kullanıcısı #140018,140018@twitter.invalid,@AmazonHelp Thanks for bringing it back,@AmazonHelp Thanks for bringing it back,twitter,open,2017-12-03T20:07:13+00:00
Twitter Kullanıcısı #326826,326826@twitter.invalid,@AmazonHelp Yeah just clicked on that link tells me to log in and I'm back to...,@AmazonHelp Yeah just clicked on that link tells me to log in and I'm back to the problem..... https://t.co/DDQ4xDEoHX,twitter,closed,2017-10-20T20:17:22+00:00
Twitter Kullanıcısı #222295,222295@twitter.invalid,@ComcastCares #mobile_CareXI Please help the Internet is not working and it s...,@ComcastCares #mobile_CareXI Please help the Internet is not working and it says on the app that it is.,twitter,closed,2017-11-30T22:20:20+00:00
Twitter Kullanıcısı #149826,149826@twitter.invalid,@BofA_Help Babcock St,@BofA_Help Babcock St,twitter,open,2017-11-27T02:48:13+00:00
Twitter Kullanıcısı #625624,625624@twitter.invalid,@625623 @AppleSupport Don’t like it now the screen is to dark 😂😂,@625623 @AppleSupport Don’t like it now the screen is to dark 😂😂,twitter,closed,2017-11-08T18:29:52+00:00
Twitter Kullanıcısı #486275,486275@twitter.invalid,"@VirginTrains And as if by magic, we’re off!","@VirginTrains And as if by magic, we’re off!",twitter,closed,2017-11-20T19:13:40+00:00
Twitter Kullanıcısı #735361,735361@twitter.invalid,Does @115877 bring freshly baked chocolate chip cookies with vanilla ice crea...,Does @115877 bring freshly baked chocolate chip cookies with vanilla ice cream and lightly drizzled hot fudge ? Asking for a friend.,twitter,closed,2017-11-17T04:04:50+00:00
Twitter Kullanıcısı #484538,484538@twitter.invalid,thanks @116016. you can’t tell those (2) transactions are fraud ?,thanks @116016. you can’t tell those (2) transactions are fraud ?,twitter,closed,2017-11-04T06:53:17+00:00
Twitter Kullanıcısı #650257,650257@twitter.invalid,@airtel_care Done.,@airtel_care Done.,twitter,closed,2017-11-19T17:29:55+00:00
Twitter Kullanıcısı #183034,183034@twitter.invalid,@115850 Ask ur kapadvanj office for delivery of docket no.962757665 immediately,@115850 Ask ur kapadvanj office for delivery of docket no.962757665 immediately,twitter,closed,2017-10-06T11:14:06+00:00
Twitter Kullanıcısı #511106,511106@twitter.invalid,@AmazonHelp Ni la atención telefónica puede acceder a mi cuenta.,@AmazonHelp Ni la atención telefónica puede acceder a mi cuenta.,twitter,closed,2017-11-06T16:10:55+00:00
Twitter Kullanıcısı #664329,664329@twitter.invalid,@AmazonHelp Merci pour votre réponse rapide @AmazonHelp mais le problème est ...,@AmazonHelp Merci pour votre réponse rapide @AmazonHelp mais le problème est surtout un problème lié à @4238 et à la qualité de leurs services. D'ailleurs ils ne m'ont toujours pas répondu @115817 devrait faire plus attention à ses filiales. #customercare #CustomerExperience #CustomerService,twitter,closed,2017-11-11T10:59:26+00:00
Twitter Kullanıcısı #302632,302632@twitter.invalid,@AmazonHelp It seems my Prime membership was randomly cancelled and my accoun...,@AmazonHelp It seems my Prime membership was randomly cancelled and my account was cleaned out of all activity. What is this?o_0,twitter,closed,2017-10-11T21:26:06+00:00
Twitter Kullanıcısı #236604,236604@twitter.invalid,Shoutout to @115911 for being slow as fuck,Shoutout to @115911 for being slow as fuck,twitter,closed,2017-12-01T21:45:10+00:00
Twitter Kullanıcısı #448851,448851@twitter.invalid,So because my @115877 driver couldn't find my house I'm still being charged f...,So because my @115877 driver couldn't find my house I'm still being charged for a meal I never got??? How is that fair??? https://t.co/MsIzt9Vf8e,twitter,closed,2017-10-28T20:04:34+00:00
Twitter Kullanıcısı #629252,629252@twitter.invalid,@115722 do you guys have any specials for customers looking to switch from @1...,@115722 do you guys have any specials for customers looking to switch from @116136?,twitter,closed,2017-11-29T18:34:03+00:00
Twitter Kullanıcısı #189617,189617@twitter.invalid,Oh hey look there's an @AmericanAir Flight that leaves at 9:40. Which I could...,Oh hey look there's an @AmericanAir Flight that leaves at 9:40. Which I could probably make.,twitter,closed,2017-10-07T00:28:00+00:00
Twitter Kullanıcısı #149751,149751@twitter.invalid,@Uber_Support I was an uber supporter in all banter but vis has really made u...,@Uber_Support I was an uber supporter in all banter but vis has really made up my mind.,twitter,open,2017-11-24T17:40:29+00:00
Twitter Kullanıcısı #413960,413960@twitter.invalid,.@Ask_Spectrum it’s been almost a week now and I have not seen download speed...,.@Ask_Spectrum it’s been almost a week now and I have not seen download speeds better than ~65 kb/s... What gives? Why am I paying for this?,twitter,closed,2017-11-25T20:07:12+00:00
Twitter Kullanıcısı #198899,198899@twitter.invalid,"@115850 It should be #BREAKINGNEWS that Amazon India denied, to avoid legal n...","@115850 It should be #BREAKINGNEWS that Amazon India denied, to avoid legal notice. @55350 @76445 @61231 https://t.co/xhTOuhuBsv",twitter,closed,2017-10-24T12:24:02+00:00
Twitter Kullanıcısı #799469,799469@twitter.invalid,@AdobeCare How can I get some help without posting on a forum? #frustrated,@AdobeCare How can I get some help without posting on a forum? #frustrated,twitter,closed,2017-11-28T07:53:07+00:00
Twitter Kullanıcısı #230600,230600@twitter.invalid,@TMobileHelp @115913 I’m new to Twitter what is a Dm,@TMobileHelp @115913 I’m new to Twitter what is a Dm,twitter,closed,2017-12-01T15:52:50+00:00
Twitter Kullanıcısı #546614,546614@twitter.invalid,@DELTA after nearly an hr 2438 in bmore is finally moving gates. very poorly ...,@DELTA after nearly an hr 2438 in bmore is finally moving gates. very poorly handled. someone could show some leadership &amp; make a decision!,twitter,closed,2017-10-18T03:33:48+00:00
Twitter Kullanıcısı #264382,264382@twitter.invalid,A guy with special needs in @Tesco asking the staff how much things are as he...,A guy with special needs in @Tesco asking the staff how much things are as he could see the labels... their response “look at the labels” clearly he couldn’t see them! I helped him out with the prices and his shopping Not sure their staff remember their motto Every Little helps!,twitter,closed,2017-11-22T11:26:37+00:00
Twitter Kullanıcısı #568047,568047@twitter.invalid,@UPSHelp IT WAS THERE THE WHOLE TIME BUT THE GUY COULDN’T FIND IT ..THANX FOR...,@UPSHelp IT WAS THERE THE WHOLE TIME BUT THE GUY COULDN’T FIND IT ..THANX FOR HEART ATTACK,twitter,open,2017-10-25T15:19:08+00:00
Twitter Kullanıcısı #278682,278682@twitter.invalid,It look CenturyLink like what...a day?...to break the Internet. #welldone,It look CenturyLink like what...a day?...to break the Internet. #welldone,twitter,closed,2017-11-07T00:22:24+00:00
Twitter Kullanıcısı #385397,385397@twitter.invalid,@AldiUK Hilarious love you Kevin ❤️,@AldiUK Hilarious love you Kevin ❤️,twitter,closed,2017-11-25T15:40:45+00:00
Twitter Kullanıcısı #191894,191894@twitter.invalid,@115821 i can't even begin to describe how incredibly frustrating this shit i...,"@115821 i can't even begin to describe how incredibly frustrating this shit is. as a disabled person, i depend HEAVILY on online shopping.",twitter,closed,2017-10-07T10:23:48+00:00
Twitter Kullanıcısı #427724,427724@twitter.invalid,@AmazonHelp Requesting you to please call me. There is some serious issue whi...,@AmazonHelp Requesting you to please call me. There is some serious issue while logging. I have already talked with ur service provider. Plz help,twitter,closed,2017-10-27T14:37:35+00:00
Twitter Kullanıcısı #420843,420843@twitter.invalid,Got a beautiful pinot noir from @AldiUK absolutely gorgeous,Got a beautiful pinot noir from @AldiUK absolutely gorgeous,twitter,closed,2017-10-26T18:08:16+00:00
Twitter Kullanıcısı #691781,691781@twitter.invalid,@AmazonHelp Thank for the quick reply. Here are 2 more screen caps. The 2nd o...,@AmazonHelp Thank for the quick reply. Here are 2 more screen caps. The 2nd one says 2 day shipping but arriving Monday as well. https://t.co/Z97Co8Qun9,twitter,closed,2017-11-14T15:35:34+00:00
Twitter Kullanıcısı #355799,355799@twitter.invalid,Que eficiencia del tío @116875 me cobran y casi está el pedido en casa a los ...,Que eficiencia del tío @116875 me cobran y casi está el pedido en casa a los pocos minutos 😱😱😱😱,twitter,closed,2017-10-31T16:32:14+00:00
Twitter Kullanıcısı #727695,727695@twitter.invalid,Dropboxって有料にしても2TBしか保存できないんだね【∣3) もっと欲しいが他のアカウントありきの無制限とか要らないんだが @118189 @Dro...,Dropboxって有料にしても2TBしか保存できないんだね【∣3) もっと欲しいが他のアカウントありきの無制限とか要らないんだが @118189 @DropboxSupport,twitter,closed,2017-11-15T18:27:34+00:00
Twitter Kullanıcısı #558341,558341@twitter.invalid,@AppleSupport you guys new update messed up my phone because now i can’t type...,@AppleSupport you guys new update messed up my phone because now i can’t type the letter i without “ I️ “ popping up 🤦🏾‍♀️HELP!,twitter,closed,2017-10-31T01:06:18+00:00
Twitter Kullanıcısı #444393,444393@twitter.invalid,@ChipotleTweets @217479 Two hours in...so proud of this kid...she’s really co...,@ChipotleTweets @217479 Two hours in...so proud of this kid...she’s really committed to this food poisoning. #ChipotleFoodPoisoning,twitter,closed,2017-10-28T15:25:57+00:00
Twitter Kullanıcısı #230373,230373@twitter.invalid,@SW_Help @115793 But why do you cancel the stops? Such s busy service and sta...,@SW_Help @115793 But why do you cancel the stops? Such s busy service and station to miss out all the time,twitter,closed,2017-12-01T14:59:21+00:00
Twitter Kullanıcısı #807388,807388@twitter.invalid,@116035 your compliance dept has essentially shut down my wife's business; sh...,@116035 your compliance dept has essentially shut down my wife's business; she's jumped through every hoop you've thrown at her and she's still stuck. Terrible customer service. Time for a new bank.,twitter,closed,2017-11-28T23:16:17+00:00
Twitter Kullanıcısı #370627,370627@twitter.invalid,@AppleSupport Typical Apple. Blame everyone else.,@AppleSupport Typical Apple. Blame everyone else.,twitter,open,2017-10-27T19:12:46+00:00
Twitter Kullanıcısı #555097,555097@twitter.invalid,I really hope @115890 brings back the @116230 Phone asap. I'm in need of a ne...,I really hope @115890 brings back the @116230 Phone asap. I'm in need of a new o e and don't wanna go android or iOS.,twitter,closed,2017-10-19T05:54:54+00:00
Twitter Kullanıcısı #186689,186689@twitter.invalid,@AmazonHelp I spoke with Teja then Tony on chat. Teja didn’t understand what ...,@AmazonHelp I spoke with Teja then Tony on chat. Teja didn’t understand what I was saying so I asked for a manager. 2/,twitter,closed,2017-10-04T01:44:11+00:00
Twitter Kullanıcısı #443813,443813@twitter.invalid,@LondonMidland I've even seen your staff walk past people doing it without ch...,@LondonMidland I've even seen your staff walk past people doing it without challenging it,twitter,closed,2017-11-29T10:50:08+00:00
Twitter Kullanıcısı #292000,292000@twitter.invalid,&lt;3 @SouthwestAir 4 getting us 2 @14402 conference #nfccconnect #financiall...,&lt;3 @SouthwestAir 4 getting us 2 @14402 conference #nfccconnect #financialliteracy #financialwellness https://t.co/V1KFUOsC3r,twitter,closed,2017-10-06T13:52:00+00:00
Twitter Kullanıcısı #209624,209624@twitter.invalid,@115879 need someone to fix my account. I don’t see a bonus avail and I signe...,@115879 need someone to fix my account. I don’t see a bonus avail and I signed up by clicking via Facebook and a friend referral.,twitter,closed,2017-10-11T21:09:37+00:00
Twitter Kullanıcısı #681475,681475@twitter.invalid,@AskPlayStation @AskPlayStation hi. I really need to speak to someone about m...,@AskPlayStation @AskPlayStation hi. I really need to speak to someone about my PS3 network problems. Is there not a number I can call?,twitter,closed,2017-11-21T09:14:06+00:00
Twitter Kullanıcısı #181484,181484@twitter.invalid,@AmazonHelp あ！どうも！！番号入力の所で沢山番号があって注文番号入れればいいのですか？,@AmazonHelp あ！どうも！！番号入力の所で沢山番号があって注文番号入れればいいのですか？,twitter,closed,2017-10-06T05:23:41+00:00
Twitter Kullanıcısı #621208,621208@twitter.invalid,@SW_Help I’ve just waited an hour in the freezing cold &amp; no sign of any b...,@SW_Help I’ve just waited an hour in the freezing cold &amp; no sign of any bus replacements. Had to pay for a local bus to get me to a train station. Will be 2.5hrs late now 😡,twitter,closed,2017-11-08T09:43:30+00:00
Twitter Kullanıcısı #519752,519752@twitter.invalid,@204598 No I meant my account isn’t the problem I own the account haha,@204598 No I meant my account isn’t the problem I own the account haha,twitter,closed,2017-10-17T15:08:29+00:00
Twitter Kullanıcısı #284591,284591@twitter.invalid,@UPSHelp It's being returned to shipper since 22nd. Today is 25th and it's st...,@UPSHelp It's being returned to shipper since 22nd. Today is 25th and it's still showing? Deliver it to the shipper already. Don't be so slow.,twitter,open,2017-11-25T08:07:04+00:00
Twitter Kullanıcısı #353737,353737@twitter.invalid,@AmazonHelp And I will never disturb you,@AmazonHelp And I will never disturb you,twitter,closed,2017-10-16T11:54:37+00:00
Twitter Kullanıcısı #350488,350488@twitter.invalid,"@Safaricom_Care buruburu along mumias south rd, fluctuating","@Safaricom_Care buruburu along mumias south rd, fluctuating",twitter,closed,2017-10-15T07:42:49+00:00
Twitter Kullanıcısı #294731,294731@twitter.invalid,@115913 fix your shitty network before we all go to @115725 https://t.co/WH8Y...,@115913 fix your shitty network before we all go to @115725 https://t.co/WH8Ya4PLbT,twitter,closed,2017-11-21T19:50:17+00:00
Twitter Kullanıcısı #180654,180654@twitter.invalid,@hulu_support How many buttons did I have to click to get to season 7 episode...,@hulu_support How many buttons did I have to click to get to season 7 episode 3 of @212203 in the old ui vs the new ui?,twitter,open,2017-10-15T15:20:33+00:00
Twitter Kullanıcısı #581705,581705@twitter.invalid,"Thank God @115817 is around to DAMAGE a package, say its lost, and then DELIV...","Thank God @115817 is around to DAMAGE a package, say its lost, and then DELIVER IT RIPPED OPEN. THANKS GUYS. YOU'RE THE BEST https://t.co/VdemuNcB1x",twitter,closed,2017-10-30T23:04:14+00:00
Twitter Kullanıcısı #652164,652164@twitter.invalid,@AmazonHelp Hi! You never actually did bother following up with me on this. R...,@AmazonHelp Hi! You never actually did bother following up with me on this. Really not helping your case here.,twitter,closed,2017-11-13T19:43:23+00:00
Twitter Kullanıcısı #685442,685442@twitter.invalid,Boneless chicken breast!?? Don’t think so @Tesco https://t.co/FxVE7dsXoM,Boneless chicken breast!?? Don’t think so @Tesco https://t.co/FxVE7dsXoM,twitter,closed,2017-11-13T20:03:48+00:00
Twitter Kullanıcısı #291453,291453@twitter.invalid,@hulu_support Help!? Hulu app is not loading on either of my Fire sticks. Hav...,@hulu_support Help!? Hulu app is not loading on either of my Fire sticks. Have restarted twice. Have deleted app and reinstalled. Nothing.,twitter,closed,2017-10-08T01:45:17+00:00
Twitter Kullanıcısı #346675,346675@twitter.invalid,"@115913 I did the homework, your network comparable. Why is East Valley Phoen...","@115913 I did the homework, your network comparable. Why is East Valley Phoenix so weak? Dropped calls every day.",twitter,closed,2017-10-14T01:53:08+00:00
Twitter Kullanıcısı #399722,399722@twitter.invalid,@AirAsiaSupport My booking ID is 1079343725. My name is Alann De Vuyst. Depar...,@AirAsiaSupport My booking ID is 1079343725. My name is Alann De Vuyst. Departure date is 01/11/17 Change date to 15/03/17 please.,twitter,closed,2017-10-25T03:40:53+00:00
Twitter Kullanıcısı #234750,234750@twitter.invalid,ok it's time to start looking at another choice. my time Warner or spectrum w...,ok it's time to start looking at another choice. my time Warner or spectrum whatever has been dying too much of late,twitter,closed,2017-11-22T06:03:50+00:00
Twitter Kullanıcısı #523125,523125@twitter.invalid,@idea_cares I hv ryt nw 3GB of Data in my data balnce but not even to open ur...,@idea_cares I hv ryt nw 3GB of Data in my data balnce but not even to open ur Ideaapp. Then think urself wht will be of openig status of other app. :(:(,twitter,closed,2017-11-07T12:59:56+00:00
Twitter Kullanıcısı #134186,134186@twitter.invalid,@sainsburys Lol internal review. Lol dead on dude. You do that. I'm away to D...,@sainsburys Lol internal review. Lol dead on dude. You do that. I'm away to Dunnes... #mincepiewars,twitter,closed,2017-11-30T13:12:43+00:00
Twitter Kullanıcısı #662042,662042@twitter.invalid,@AmericanAir @662041 He shouldn’t have to check with the crew. This is why I️...,@AmericanAir @662041 He shouldn’t have to check with the crew. This is why I️ don’t fly @AmericanAir,twitter,open,2017-11-11T17:21:31+00:00
Twitter Kullanıcısı #720414,720414@twitter.invalid,"@1651 hey, eu consigo fazer uma reclamação anônima sobre um anfitrião?","@1651 hey, eu consigo fazer uma reclamação anônima sobre um anfitrião?",twitter,closed,2017-10-30T09:02:27+00:00
Twitter Kullanıcısı #139427,139427@twitter.invalid,Terrible service from @115817. Notification to say delivery would happen yest...,"Terrible service from @115817. Notification to say delivery would happen yesterday, updated at 19:10 to say delivery had been delayed and will happen today. Today I’m told my address is incorrect and they can’t deliver! Brilliant!",twitter,closed,2017-11-30T17:50:19+00:00
Twitter Kullanıcısı #569268,569268@twitter.invalid,@569269 @IHGService @569269 you don’t know the situation and are lying!,@569269 @IHGService @569269 you don’t know the situation and are lying!,twitter,open,2017-10-24T23:31:19+00:00
Twitter Kullanıcısı #470771,470771@twitter.invalid,New Windows 10 emoji keyboard! 😍👌 (Fall Creator's update req) Win + . OR Win ...,New Windows 10 emoji keyboard! 😍👌 (Fall Creator's update req) Win + . OR Win + ; https://t.co/Bk0VGb6CTh,twitter,closed,2017-11-03T17:16:12+00:00
Twitter Kullanıcısı #215485,215485@twitter.invalid,Hey @115888. I pay a premium for a service that I would expect to work 100% o...,Hey @115888. I pay a premium for a service that I would expect to work 100% of the time. I’ve got 1 issue that is very frustrating. Help!,twitter,closed,2017-10-10T07:32:56+00:00
Twitter Kullanıcısı #542239,542239@twitter.invalid,@comcastcares If you guys could put up the new episode of arrow on same and a...,"@comcastcares If you guys could put up the new episode of arrow on same and already, that'd be great",twitter,closed,2017-10-13T17:35:40+00:00
Twitter Kullanıcısı #772659,772659@twitter.invalid,@AmazonHelp C'est abuser comme même...,@AmazonHelp C'est abuser comme même...,twitter,open,2017-11-21T08:33:57+00:00
Twitter Kullanıcısı #506096,506096@twitter.invalid,@Tesco why do your stores close before 15 minutes before midnight when it say...,@Tesco why do your stores close before 15 minutes before midnight when it says it’s open till midnight?🤔,twitter,closed,2017-11-05T17:58:01+00:00
Twitter Kullanıcısı #371909,371909@twitter.invalid,@115879 got to work on your gps. I plugged in an airport and it took me to th...,@115879 got to work on your gps. I plugged in an airport and it took me to the middle of nowhere. 15 min from airport https://t.co/a9dju5IDKP,twitter,closed,2017-10-23T14:14:53+00:00
Twitter Kullanıcısı #617436,617436@twitter.invalid,@ATT i somewhat got the issue resolved,@ATT i somewhat got the issue resolved,twitter,closed,2017-11-06T00:45:25+00:00
Twitter Kullanıcısı #525743,525743@twitter.invalid,Living life at the crossroads! On runway in Philly. @AmericanAir https://t.co...,Living life at the crossroads! On runway in Philly. @AmericanAir https://t.co/VOe0Ipzi9A,twitter,closed,2017-11-07T14:12:20+00:00
Twitter Kullanıcısı #266977,266977@twitter.invalid,@AppleSupport why is it that none of my live backgrounds animate?,@AppleSupport why is it that none of my live backgrounds animate?,twitter,closed,2017-11-28T04:54:27+00:00
Twitter Kullanıcısı #196164,196164@twitter.invalid,"@HPSupport Hi, and thank you, I've contacted HP and a new printer is on it's ...","@HPSupport Hi, and thank you, I've contacted HP and a new printer is on it's way. https://t.co/dUTfZXZR05.",twitter,closed,2017-10-23T02:41:15+00:00
Twitter Kullanıcısı #623439,623439@twitter.invalid,@sprintcare Yeah maybe listening to my case and having employees that are com...,@sprintcare Yeah maybe listening to my case and having employees that are competent to resolve issues,twitter,closed,2017-11-08T18:11:12+00:00
Twitter Kullanıcısı #333031,333031@twitter.invalid,@173597 No response from you or anyone with Asurion on my phone's severly dam...,@173597 No response from you or anyone with Asurion on my phone's severly damaged face. Bottom left has a hole now. Can see in. What the hell kind of business are you both running?!,twitter,closed,2017-11-08T17:25:39+00:00
Twitter Kullanıcısı #163663,163663@twitter.invalid,Shame on @84910 #CEOofCoxComm #NeverWillIUseThem #BadCustomerService @CoxHelp...,Shame on @84910 #CEOofCoxComm #NeverWillIUseThem #BadCustomerService @CoxHelp @116021 #Dishonest #Cox_PR #BBB,twitter,closed,2017-11-08T18:29:33+00:00
Twitter Kullanıcısı #414826,414826@twitter.invalid,@AmazonHelp Shows 6-9pm doorstep today.,@AmazonHelp Shows 6-9pm doorstep today.,twitter,closed,2017-10-16T05:21:11+00:00
Twitter Kullanıcısı #495123,495123@twitter.invalid,@VirginTrains @120576 @242596 So the 7.07pm is cancelled? If I travel to Leed...,@VirginTrains @120576 @242596 So the 7.07pm is cancelled? If I travel to Leeds i'd miss the connection to Liverpool. I'd be stranded in Leeds.,twitter,closed,2017-11-07T18:18:02+00:00
Twitter Kullanıcısı #470932,470932@twitter.invalid,@AmazonHelp Many thanks 🙏,@AmazonHelp Many thanks 🙏,twitter,closed,2017-11-03T18:05:55+00:00
Twitter Kullanıcısı #500460,500460@twitter.invalid,@SouthwestAir Seems unfair given that the flight price changed &lt;2 weeks pr...,@SouthwestAir Seems unfair given that the flight price changed &lt;2 weeks prior to my credit's expiration date. Disappointed to hear that you can't help.,twitter,closed,2017-11-06T20:33:25+00:00
Twitter Kullanıcısı #222080,222080@twitter.invalid,@O2 are there no chat advisors in today? Flicking on and off website today an...,@O2 are there no chat advisors in today? Flicking on and off website today and the link is greyed out saying checking to see if any agents available. Clearly not?,twitter,closed,2017-11-30T16:14:43+00:00
Twitter Kullanıcısı #177274,177274@twitter.invalid,@120984 got home to find no hot wings in my bag AGAIN!! #heartbroken #whythew...,@120984 got home to find no hot wings in my bag AGAIN!! #heartbroken #whythewings #notimpressed,twitter,closed,2017-10-05T18:58:29+00:00
Twitter Kullanıcısı #811005,811005@twitter.invalid,When a @115817 driver slaps a 2nd attempt InfoNotice on top of a previous one...,When a @115817 driver slaps a 2nd attempt InfoNotice on top of a previous one that you've already signed authorizing delivery without signature. #lazy #SoTypicalOfUPS @UPSHelp https://t.co/fpjgJ4x3jr,twitter,closed,2017-11-29T02:12:52+00:00
Twitter Kullanıcısı #273838,273838@twitter.invalid,McDonald’s chocolate chip cookies are the best,McDonald’s chocolate chip cookies are the best,twitter,closed,2017-11-22T04:43:31+00:00
Twitter Kullanıcısı #442931,442931@twitter.invalid,@ATVIAssist My platform is Xbox one and proof is this video https://t.co/UfUu...,@ATVIAssist My platform is Xbox one and proof is this video https://t.co/UfUumO15wq,twitter,closed,2017-10-31T13:21:05+00:00
Twitter Kullanıcısı #139079,139079@twitter.invalid,@VerizonSupport slide in my dms https://t.co/fkCsk2lI7Y,@VerizonSupport slide in my dms https://t.co/fkCsk2lI7Y,twitter,closed,2017-11-30T18:07:42+00:00
Twitter Kullanıcısı #499093,499093@twitter.invalid,@BoostCare no data reception in Florida Panhandle area. In particularly betwe...,@BoostCare no data reception in Florida Panhandle area. In particularly between Pensacola and Fort Walton Beach FL,twitter,closed,2017-10-17T10:27:39+00:00
Twitter Kullanıcısı #213295,213295@twitter.invalid,Another fucking nightmare with @TMobileHelp so fucking over them,Another fucking nightmare with @TMobileHelp so fucking over them,twitter,closed,2017-10-21T06:36:54+00:00
Twitter Kullanıcısı #304385,304385@twitter.invalid,This iPhone battery is a joke. @115858 this is unacceptable. Wtf!,This iPhone battery is a joke. @115858 this is unacceptable. Wtf!,twitter,closed,2017-10-05T21:44:22+00:00
Twitter Kullanıcısı #236412,236412@twitter.invalid,@AmazonHelp Will do. Ir always used to be the address was designated as a com...,@AmazonHelp Will do. Ir always used to be the address was designated as a commercial one so deliveries would be within working hours but then Amazon stopped using proper couriers.,twitter,open,2017-12-01T22:17:52+00:00
Twitter Kullanıcısı #559996,559996@twitter.invalid,@Delta https://t.co/GoF9IaaPkF,@Delta https://t.co/GoF9IaaPkF,twitter,open,2017-10-06T10:12:34+00:00
Twitter Kullanıcısı #225820,225820@twitter.invalid,@SpotifyCares I've already tried doing this about 5+ times,@SpotifyCares I've already tried doing this about 5+ times,twitter,closed,2017-11-29T01:39:00+00:00
Twitter Kullanıcısı #495482,495482@twitter.invalid,"Under RunWay, you approve Return Request for ""size issue"" even before product...","Under RunWay, you approve Return Request for ""size issue"" even before product delivery. @115850, That's itself is a failure #HearUsAmazon",twitter,closed,2017-11-05T13:18:52+00:00
Twitter Kullanıcısı #156938,156938@twitter.invalid,私、Amazonプレミアム会員？みたいなので僕10先行配信されてるぜやった〜◎ ということで見てくる〜,私、Amazonプレミアム会員？みたいなので僕10先行配信されてるぜやった〜◎ ということで見てくる〜,twitter,closed,2017-11-24T14:21:20+00:00
Twitter Kullanıcısı #457861,457861@twitter.invalid,"@British_Airways £16,000 booking. BA downgrades us to Club, does not tell us ...","@British_Airways £16,000 booking. BA downgrades us to Club, does not tell us and does not reduce price, now will not offer any compensation.",twitter,closed,2017-11-02T11:49:37+00:00
Twitter Kullanıcısı #718776,718776@twitter.invalid,@ATVIAssist Download,@ATVIAssist Download,twitter,closed,2017-11-28T10:47:48+00:00
Twitter Kullanıcısı #412471,412471@twitter.invalid,@AskPlayStation I am having problems with trying to get in the PlayStation st...,@AskPlayStation I am having problems with trying to get in the PlayStation store.It's keep telling me to please wait. It did it last night,twitter,closed,2017-10-26T00:38:12+00:00
Twitter Kullanıcısı #632933,632933@twitter.invalid,Nuneaton train station staff are lovely and the cafe is really comfy but @Lon...,"Nuneaton train station staff are lovely and the cafe is really comfy but @LondonMidland your 1st class facilities are awful, truly awful",twitter,closed,2017-10-19T09:52:35+00:00
Twitter Kullanıcısı #409018,409018@twitter.invalid,@AppleSupport I want to cancel the purchases of three apps I bought. They’re ...,@AppleSupport I want to cancel the purchases of three apps I bought. They’re on the invoice I got but not on the list when I look at ‘report a problem’,twitter,closed,2017-10-16T01:22:53+00:00
Twitter Kullanıcısı #180739,180739@twitter.invalid,@AmericanAir is not on my good side right now... 24 minutes and counting on t...,@AmericanAir is not on my good side right now... 24 minutes and counting on the phone because online check-in isn't working. #awesome,twitter,closed,2017-10-06T02:35:01+00:00
Twitter Kullanıcısı #755241,755241@twitter.invalid,@115900 @comcastcares I JUST WANT TO WATCH STRANGER THINGS AND YALL ARE REALL...,@115900 @comcastcares I JUST WANT TO WATCH STRANGER THINGS AND YALL ARE REALLY MESSING THAT UP FOR ME,twitter,closed,2017-10-31T16:04:06+00:00
Twitter Kullanıcısı #131820,131820@twitter.invalid,@AmazonHelp I haven’t received anything from the Social Media team.,@AmazonHelp I haven’t received anything from the Social Media team.,twitter,closed,2017-12-01T08:46:37+00:00
Twitter Kullanıcısı #520292,520292@twitter.invalid,@Delta Your FA Stephanie aboard DL3984 tonight is fantastic! #PaxEx!,@Delta Your FA Stephanie aboard DL3984 tonight is fantastic! #PaxEx!,twitter,closed,2017-11-07T00:24:43+00:00
Twitter Kullanıcısı #209960,209960@twitter.invalid,@TacoBellTeam Livingston Tennessee.,@TacoBellTeam Livingston Tennessee.,twitter,closed,2017-10-09T17:41:11+00:00
